{
    "$schema": "https://schema.management.azure.com/schemas/2019-04-01/deploymentTemplate.json#",
    "contentVersion": "1.0.0.0",
    "parameters": {
        "workflows_PB_Incident_IP_Enrichment_name": {
            "defaultValue": "PB-Incident-IP-Enrichment",
            "type": "String"
        },
        "connections_azuresentinel_PB_Incident_IP_Enrichment_externalid": {
            "defaultValue": "/subscriptions/52033113-51e3-450e-a7c2-a55c365883cc/resourceGroups/honeypot-rg/providers/Microsoft.Web/connections/azuresentinel-PB-Incident-IP-Enrichment",
            "type": "String"
        }
    },
    "variables": {},
    "resources": [
        {
            "type": "Microsoft.Logic/workflows",
            "apiVersion": "2017-07-01",
            "name": "[parameters('workflows_PB_Incident_IP_Enrichment_name')]",
            "location": "eastus",
            "identity": {
                "type": "SystemAssigned"
            },
            "properties": {
                "state": "Enabled",
                "definition": {
                    "$schema": "https://schema.management.azure.com/providers/Microsoft.Logic/schemas/2016-06-01/workflowdefinition.json#",
                    "contentVersion": "1.0.0.0",
                    "parameters": {
                        "$connections": {
                            "defaultValue": {},
                            "type": "Object"
                        }
                    },
                    "triggers": {
                        "Microsoft_Sentinel_incident": {
                            "type": "ApiConnectionWebhook",
                            "inputs": {
                                "host": {
                                    "connection": {
                                        "name": "@parameters('$connections')['azuresentinel']['connectionId']"
                                    }
                                },
                                "body": {
                                    "callback_url": "@{listCallbackUrl()}"
                                },
                                "path": "/incident-creation"
                            }
                        }
                    },
                    "actions": {
                        "EntitiesRaw": {
                            "runAfter": {},
                            "type": "Compose",
                            "inputs": "@{coalesce(triggerBody()?['object']?['properties']?['relatedEntities'], triggerBody()?['object']?['properties']?['entities'], triggerBody()?['Entities'], triggerBody()?['object']?['properties']?['additionalData']?['entities'])}"
                        },
                        "EntitiesText": {
                            "runAfter": {
                                "EntitiesRaw": [
                                    "Succeeded"
                                ]
                            },
                            "type": "Compose",
                            "inputs": "@{string(outputs('EntitiesRaw'))}"
                        },
                        "EntitiesFixedText": {
                            "runAfter": {
                                "EntitiesText": [
                                    "Succeeded"
                                ]
                            },
                            "type": "Compose",
                            "inputs": "@{if(or(equals(outputs('EntitiesText'), ''), equals(outputs('EntitiesText'), 'null')), '[]', outputs('EntitiesText'))}"
                        },
                        "Parse_JSON": {
                            "runAfter": {
                                "EntitiesFixedText": [
                                    "Succeeded"
                                ]
                            },
                            "type": "ParseJson",
                            "inputs": {
                                "content": "@{json(outputs('EntitiesFixedText'))}",
                                "schema": {
                                    "type": "array",
                                    "items": {
                                        "type": "object",
                                        "additionalProperties": true,
                                        "properties": {
                                            "$type": {
                                                "type": "string"
                                            },
                                            "Type": {
                                                "type": "string"
                                            },
                                            "Address": {
                                                "type": "string"
                                            },
                                            "IpAddress": {
                                                "type": "string"
                                            },
                                            "HostName": {
                                                "type": "string"
                                            },
                                            "Name": {
                                                "type": "string"
                                            }
                                        }
                                    }
                                }
                            }
                        },
                        "Initialize_variables": {
                            "runAfter": {
                                "Parse_JSON": [
                                    "Succeeded"
                                ]
                            },
                            "type": "InitializeVariable",
                            "inputs": {
                                "variables": [
                                    {
                                        "name": "summary",
                                        "type": "string",
                                        "value": ""
                                    }
                                ]
                            }
                        },
                        "For_each": {
                            "foreach": "@body('Parse_JSON')",
                            "actions": {
                                "Append_if_IP": {
                                    "actions": {
                                        "Append_to_string_variable": {
                                            "type": "AppendToStringVariable",
                                            "inputs": {
                                                "name": "summary",
                                                "value": "@{concat('• IP: ', coalesce(item()?['Address'], item()?['IpAddress']), '\\n')}"
                                            }
                                        }
                                    },
                                    "else": {
                                        "actions": {}
                                    },
                                    "expression": {
                                        "equals": [
                                            "@toLower(coalesce(item()?['Type'], item()?['$type']))",
                                            "ip"
                                        ]
                                    },
                                    "type": "If"
                                }
                            },
                            "runAfter": {
                                "Initialize_variables": [
                                    "Succeeded"
                                ]
                            },
                            "type": "Foreach"
                        },
                        "If_summary_not_empty": {
                            "actions": {
                                "Add_comment_to_incident_(V3)": {
                                    "runAfter": {},
                                    "type": "ApiConnection",
                                    "inputs": {
                                        "host": {
                                            "connection": {
                                                "name": "@parameters('$connections')['azuresentinel']['connectionId']"
                                            }
                                        },
                                        "method": "post",
                                        "body": {
                                            "incidentArmId": "@{coalesce(triggerBody()?['object']?['id'], triggerBody()?['object']?['properties']?['incidentArmId'], triggerBody()?['IncidentArmId'])}",
                                            "message": "<p class=\"editor-paragraph\">@{variables('summary')}</p>"
                                        },
                                        "path": "/Incidents/Comment"
                                    }
                                }
                            },
                            "runAfter": {
                                "For_each": [
                                    "Succeeded"
                                ]
                            },
                            "else": {
                                "actions": {}
                            },
                            "expression": {
                                "not": [
                                    {
                                        "equals": [
                                            "@variables('summary')",
                                            ""
                                        ]
                                    }
                                ]
                            },
                            "type": "If"
                        }
                    },
                    "outputs": {}
                },
                "parameters": {
                    "$connections": {
                        "type": "Object",
                        "value": {
                            "azuresentinel": {
                                "id": "/subscriptions/52033113-51e3-450e-a7c2-a55c365883cc/providers/Microsoft.Web/locations/eastus/managedApis/azuresentinel",
                                "connectionId": "[parameters('connections_azuresentinel_PB_Incident_IP_Enrichment_externalid')]",
                                "connectionName": "[concat('azuresentinel-', parameters('workflows_PB_Incident_IP_Enrichment_name'))]",
                                "connectionProperties": {
                                    "authentication": {
                                        "type": "ManagedServiceIdentity"
                                    }
                                }
                            }
                        }
                    }
                }
            }
        }
    ]
}